INSERT INTO BOARD (USER_ID, LOCATION_ID, LOCATION_NAME, TITLE, CONTENT, PRICE, CATEGORY_ID, STATUS, REG_DATE, MOD_DATE, BOARD_DATE, IS_PRICE_SUGGEST, IS_PULL, LATITUDE, LONGITUDE) VALUES (1,1111010100,'서울 종로구 청운동', '제목 테스트1','내용 테스트1',10000,1,'판매중',now(), now(), now(),1, 0, 37.587111, 126.969069);
INSERT INTO BOARD (USER_ID, LOCATION_ID, LOCATION_NAME, TITLE, CONTENT, PRICE, CATEGORY_ID, STATUS, REG_DATE, MOD_DATE, BOARD_DATE, IS_PRICE_SUGGEST, IS_PULL, LATITUDE, LONGITUDE) VALUES (1,1111010100,'서울 종로구 청운동', '제목 테스트1','내용 테스트1',10000,1,'판매중',now(), now(), '2021-01-13 23:40:37.171445',0, 0,37.587111, 126.969069);
INSERT INTO BOARD (USER_ID, LOCATION_ID, LOCATION_NAME, TITLE, CONTENT, PRICE, CATEGORY_ID, STATUS, REG_DATE, MOD_DATE, BOARD_DATE, IS_PRICE_SUGGEST, IS_PULL, LATITUDE, LONGITUDE) VALUES (2,1111010100,'서울 종로구 청운동', '제목 테스트1','내용 테스트1',10000,1,'판매중',now(), now(), now(),1, 0, 37.587111, 126.969069);
INSERT INTO BOARD (USER_ID, LOCATION_ID, LOCATION_NAME, TITLE, CONTENT, PRICE, CATEGORY_ID, STATUS, REG_DATE, MOD_DATE, BOARD_DATE, IS_PRICE_SUGGEST, IS_PULL, LATITUDE, LONGITUDE) VALUES (2,1111010100,'서울 종로구 청운동', '제목 테스트1','내용 테스트1',10000,1,'판매중',now(), now(), '2021-01-13 23:40:37.171445',1, 0, 37.587111, 126.969069);
INSERT INTO BOARD (USER_ID, LOCATION_ID, LOCATION_NAME, TITLE, CONTENT, PRICE, CATEGORY_ID, STATUS, REG_DATE, MOD_DATE, BOARD_DATE, IS_PRICE_SUGGEST, IS_PULL, LATITUDE, LONGITUDE) VALUES (1,1111010200,'서울 종로구 신교동','제목 테스트2','내용 테스트2',20000,1,'예약중',now(), now(), now(),1, 0, 37.583911, 126.968354);
INSERT INTO BOARD (USER_ID, LOCATION_ID, LOCATION_NAME, TITLE, CONTENT, PRICE, CATEGORY_ID, STATUS, REG_DATE, MOD_DATE, BOARD_DATE, IS_PRICE_SUGGEST, IS_PULL, LATITUDE, LONGITUDE) VALUES (1,1111010300,'서울 종로구 궁정동','제목 테스트3','내용 테스트3',30000,1,'거래완료',now(), now(), now(),1, 0, 37.584381, 126.971489);
INSERT INTO BOARD (USER_ID, LOCATION_ID, LOCATION_NAME, TITLE, CONTENT, PRICE, CATEGORY_ID, STATUS, REG_DATE, MOD_DATE, BOARD_DATE, IS_PRICE_SUGGEST, IS_PULL, LATITUDE, LONGITUDE) VALUES (1,1111010400,'서울 종로구 효자동','제목 테스트4','내용 테스트4',40000,1,'거래중',now(), now(), now(), 0, 1, 37.582416, 126.97167);
INSERT INTO BOARD (USER_ID, LOCATION_ID, LOCATION_NAME, TITLE, CONTENT, PRICE, CATEGORY_ID, STATUS, REG_DATE, MOD_DATE, BOARD_DATE, IS_PRICE_SUGGEST, IS_PULL, LATITUDE, LONGITUDE) VALUES (1,1111010500,'서울 종로구 창성동','제목 테스트5','내용 테스트5',50000,1,'숨김',now(), now(), now(), 0, 0, 37.580363, 126.972065);

INSERT INTO BOARD (USER_ID, LOCATION_ID, LOCATION_NAME, TITLE, CONTENT, PRICE, CATEGORY_ID, STATUS, REG_DATE, MOD_DATE, BOARD_DATE, IS_PRICE_SUGGEST, IS_PULL, LATITUDE, LONGITUDE) VALUES (1,2824510100,'인천 계양구 효성동','제목 테스트 효성동','내용 테스트 효성동',40000,5,'판매중',now(), now(), now(), 0, 1, 37.626584, 126.707198);
INSERT INTO BOARD (USER_ID, LOCATION_ID, LOCATION_NAME, TITLE, CONTENT, PRICE, CATEGORY_ID, STATUS, REG_DATE, MOD_DATE, BOARD_DATE, IS_PRICE_SUGGEST, IS_PULL, LATITUDE, LONGITUDE) VALUES (1,2824510200,'인천 계양구 계산동','제목 테스트 계산동','내용 테스트 계산동',40000,4,'거래중',now(), now(), now(), 0, 1, 37.5416, 126.724428);
INSERT INTO BOARD (USER_ID, LOCATION_ID, LOCATION_NAME, TITLE, CONTENT, PRICE, CATEGORY_ID, STATUS, REG_DATE, MOD_DATE, BOARD_DATE, IS_PRICE_SUGGEST, IS_PULL, LATITUDE, LONGITUDE) VALUES (1,2824510300,'인천 계양구 작전동','제목 테스트 운양동','내용 테스트 운양동',40000,3,'판매중',now(), now(), now(), 0, 1, 37.530552, 126.726859);
INSERT INTO BOARD (USER_ID, LOCATION_ID, LOCATION_NAME, TITLE, CONTENT, PRICE, CATEGORY_ID, STATUS, REG_DATE, MOD_DATE, BOARD_DATE, IS_PRICE_SUGGEST, IS_PULL, LATITUDE, LONGITUDE) VALUES (1,2824510400,'인천 계양구 서운동','제목 테스트 서운동','내용 테스트 서운동',40000,2,'판매중',now(), now(), now(), 0, 1, 37.529584, 126.750621);
INSERT INTO BOARD (USER_ID, LOCATION_ID, LOCATION_NAME, TITLE, CONTENT, PRICE, CATEGORY_ID, STATUS, REG_DATE, MOD_DATE, BOARD_DATE, IS_PRICE_SUGGEST, IS_PULL, LATITUDE, LONGITUDE) VALUES (1,2824510500,'인천 계양구 임학동','제목 테스트 임학동','내용 테스트 임학동',40000,5,'거래중',now(), now(), now(), 0, 1, 37.546151, 126.735184);
INSERT INTO BOARD (USER_ID, LOCATION_ID, LOCATION_NAME, TITLE, CONTENT, PRICE, CATEGORY_ID, STATUS, REG_DATE, MOD_DATE, BOARD_DATE, IS_PRICE_SUGGEST, IS_PULL, LATITUDE, LONGITUDE) VALUES (1,2824510600,'인천 계양구 용종동','제목 테스트 용종동','내용 테스트 용종동',50000,4,'숨김',now(), now(), now(), 0, 0, 37.542069, 126.742934);
INSERT INTO BOARD (USER_ID, LOCATION_ID, LOCATION_NAME, TITLE, CONTENT, PRICE, CATEGORY_ID, STATUS, REG_DATE, MOD_DATE, BOARD_DATE, IS_PRICE_SUGGEST, IS_PULL, LATITUDE, LONGITUDE) VALUES (1,2824510700,'인천 계양구 병방동', '제목 테스트 병방동','내용 테스트 병방동',10000,3,'판매중',now(), now(), now(),1, 0, 37.548023, 126.742418);
INSERT INTO BOARD (USER_ID, LOCATION_ID, LOCATION_NAME, TITLE, CONTENT, PRICE, CATEGORY_ID, STATUS, REG_DATE, MOD_DATE, BOARD_DATE, IS_PRICE_SUGGEST, IS_PULL, LATITUDE, LONGITUDE) VALUES (1,2824510800,'인천 계양구 방축동','제목 테스트 방축동','내용 테스트 방축동',20000,2,'예약중',now(), now(), now(),1, 0, 37.551777, 126.738456);
INSERT INTO BOARD (USER_ID, LOCATION_ID, LOCATION_NAME, TITLE, CONTENT, PRICE, CATEGORY_ID, STATUS, REG_DATE, MOD_DATE, BOARD_DATE, IS_PRICE_SUGGEST, IS_PULL, LATITUDE, LONGITUDE) VALUES (1,2824510900,'인천 계양구 박촌동','제목 테스트 박촌동','내용 테스트 박촌동',30000,1,'거래완료',now(), now(), now(),1, 0, 37.554852, 126.745981);
INSERT INTO BOARD (USER_ID, LOCATION_ID, LOCATION_NAME, TITLE, CONTENT, PRICE, CATEGORY_ID, STATUS, REG_DATE, MOD_DATE, BOARD_DATE, IS_PRICE_SUGGEST, IS_PULL, LATITUDE, LONGITUDE) VALUES (1,2824511000,'인천 계양구 동양동','제목 테스트 동양동','내용 테스트 동양동',40000,5,'판매중',now(), now(), now(), 0, 1, 37.560871, 126.75721);
INSERT INTO BOARD (USER_ID, LOCATION_ID, LOCATION_NAME, TITLE, CONTENT, PRICE, CATEGORY_ID, STATUS, REG_DATE, MOD_DATE, BOARD_DATE, IS_PRICE_SUGGEST, IS_PULL, LATITUDE, LONGITUDE) VALUES (1,2824511100,'인천 계양구 귤현동','제목 테스트 귤현동','내용 테스트 귤현동',40000,4,'거래중',now(), now(), now(), 0, 1, 37.56814,126.746683);
INSERT INTO BOARD (USER_ID, LOCATION_ID, LOCATION_NAME, TITLE, CONTENT, PRICE, CATEGORY_ID, STATUS, REG_DATE, MOD_DATE, BOARD_DATE, IS_PRICE_SUGGEST, IS_PULL, LATITUDE, LONGITUDE) VALUES (1,2824511200,'인천 계양구 상야동','제목 테스트 상야동','내용 테스트 상야동',40000,3,'판매중',now(), now(), now(), 0, 1, 37.578112, 126.777319);
INSERT INTO BOARD (USER_ID, LOCATION_ID, LOCATION_NAME, TITLE, CONTENT, PRICE, CATEGORY_ID, STATUS, REG_DATE, MOD_DATE, BOARD_DATE, IS_PRICE_SUGGEST, IS_PULL, LATITUDE, LONGITUDE) VALUES (1,2824511300,'인천 계양구 하야동','제목 테스트 하야동','내용 테스트 하야동',40000,2,'판매중',now(), now(), now(), 0, 1, 37.582177, 126.780714);
INSERT INTO BOARD (USER_ID, LOCATION_ID, LOCATION_NAME, TITLE, CONTENT, PRICE, CATEGORY_ID, STATUS, REG_DATE, MOD_DATE, BOARD_DATE, IS_PRICE_SUGGEST, IS_PULL, LATITUDE, LONGITUDE) VALUES (1,2824511400,'인천 계양구 평동','제목 테스트 평동','내용 테스트 평동',40000,5,'거래중',now(), now(), now(), 0, 1, 37.581459, 126.776155);
INSERT INTO BOARD (USER_ID, LOCATION_ID, LOCATION_NAME, TITLE, CONTENT, PRICE, CATEGORY_ID, STATUS, REG_DATE, MOD_DATE, BOARD_DATE, IS_PRICE_SUGGEST, IS_PULL, LATITUDE, LONGITUDE) VALUES (1,2824511600,'인천 계양구 선주지동','제목 테스트 선주지동','내용 테스트 선주지동',50000,4,'숨김',now(), now(), now(), 0, 0, 37.579826, 126.746139);
INSERT INTO BOARD (USER_ID, LOCATION_ID, LOCATION_NAME, TITLE, CONTENT, PRICE, CATEGORY_ID, STATUS, REG_DATE, MOD_DATE, BOARD_DATE, IS_PRICE_SUGGEST, IS_PULL, LATITUDE, LONGITUDE) VALUES (1,2824511700,'인천 계양구 이화동', '제목 테스트 이화동','내용 테스트 이화동',10000,3,'판매중',now(), now(), now(),1, 0, 37.588642, 126.738995);
INSERT INTO BOARD (USER_ID, LOCATION_ID, LOCATION_NAME, TITLE, CONTENT, PRICE, CATEGORY_ID, STATUS, REG_DATE, MOD_DATE, BOARD_DATE, IS_PRICE_SUGGEST, IS_PULL, LATITUDE, LONGITUDE) VALUES (1,2824511800,'인천 계양구 오류동','제목 테스트 오류동','내용 테스트 오류동',20000,2,'예약중',now(), now(), now(),1, 0, 37.585629, 126.727276);
INSERT INTO BOARD (USER_ID, LOCATION_ID, LOCATION_NAME, TITLE, CONTENT, PRICE, CATEGORY_ID, STATUS, REG_DATE, MOD_DATE, BOARD_DATE, IS_PRICE_SUGGEST, IS_PULL, LATITUDE, LONGITUDE) VALUES (1,2824511900,'인천 계양구 갈현동','제목 테스트 갈현동','내용 테스트 갈현동',30000,1,'거래완료',now(), now(), now(),1, 0, 37.579898, 126.722261);

INSERT INTO BOARD (USER_ID, LOCATION_ID, LOCATION_NAME, TITLE, CONTENT, PRICE, CATEGORY_ID, STATUS, REG_DATE, MOD_DATE, BOARD_DATE, IS_PRICE_SUGGEST, IS_PULL, LATITUDE, LONGITUDE) VALUES (1,2824512000,'인천 계양구 둑실동','제목 테스트 둑실동','내용 테스트 둑실동',40000,5,'판매중',now(), now(), now(), 0, 1, 37.576924, 126.703881);
INSERT INTO BOARD (USER_ID, LOCATION_ID, LOCATION_NAME, TITLE, CONTENT, PRICE, CATEGORY_ID, STATUS, REG_DATE, MOD_DATE, BOARD_DATE, IS_PRICE_SUGGEST, IS_PULL, LATITUDE, LONGITUDE) VALUES (1,2824512100,'인천 계양구 목상동','제목 테스트 목상동','내용 테스트 목상동',40000,4,'거래중',now(), now(), now(), 0, 1, 37.568562, 126.708682);
INSERT INTO BOARD (USER_ID, LOCATION_ID, LOCATION_NAME, TITLE, CONTENT, PRICE, CATEGORY_ID, STATUS, REG_DATE, MOD_DATE, BOARD_DATE, IS_PRICE_SUGGEST, IS_PULL, LATITUDE, LONGITUDE) VALUES (1,2824512200,'인천 계양구 다남동','제목 테스트 다남동','내용 테스트 다남동',40000,3,'판매중',now(), now(), now(), 0, 1, 37.568002, 126.725781);
INSERT INTO BOARD (USER_ID, LOCATION_ID, LOCATION_NAME, TITLE, CONTENT, PRICE, CATEGORY_ID, STATUS, REG_DATE, MOD_DATE, BOARD_DATE, IS_PRICE_SUGGEST, IS_PULL, LATITUDE, LONGITUDE) VALUES (1,2824512300,'인천 계양구 장기동','제목 테스트 장기동','내용 테스트 장기동',40000,2,'판매중',now(), now(), now(), 0, 1, 37.57807, 126.73533);
INSERT INTO BOARD (USER_ID, LOCATION_ID, LOCATION_NAME, TITLE, CONTENT, PRICE, CATEGORY_ID, STATUS, REG_DATE, MOD_DATE, BOARD_DATE, IS_PRICE_SUGGEST, IS_PULL, LATITUDE, LONGITUDE) VALUES (1,2826010100,'인천 계양구 백석동','제목 테스트 백석동','내용 테스트 백석동',40000,5,'거래중',now(), now(), now(), 0, 1, 37.579792, 126.667795);
INSERT INTO BOARD (USER_ID, LOCATION_ID, LOCATION_NAME, TITLE, CONTENT, PRICE, CATEGORY_ID, STATUS, REG_DATE, MOD_DATE, BOARD_DATE, IS_PRICE_SUGGEST, IS_PULL, LATITUDE, LONGITUDE) VALUES (1,2826010200,'인천 계양구 시천동','제목 테스트 시천동','내용 테스트 시천동',50000,4,'숨김',now(), now(), now(), 0, 0, 37.570792, 126.685728);
INSERT INTO BOARD (USER_ID, LOCATION_ID, LOCATION_NAME, TITLE, CONTENT, PRICE, CATEGORY_ID, STATUS, REG_DATE, MOD_DATE, BOARD_DATE, IS_PRICE_SUGGEST, IS_PULL, LATITUDE, LONGITUDE) VALUES (1,2826010300,'인천 계양구 검암동', '제목 테스트 검암동','내용 테스트 검암동',10000,3,'판매중',now(), now(), now(),1, 0,  37.562594, 126.676249);
INSERT INTO BOARD (USER_ID, LOCATION_ID, LOCATION_NAME, TITLE, CONTENT, PRICE, CATEGORY_ID, STATUS, REG_DATE, MOD_DATE, BOARD_DATE, IS_PRICE_SUGGEST, IS_PULL, LATITUDE, LONGITUDE) VALUES (1,2826010400,'인천 계양구 경서동','제목 테스트 경서동','내용 테스트 경서동',20000,2,'예약중',now(), now(), now(),1, 0, 37.554289, 126.649893);
INSERT INTO BOARD (USER_ID, LOCATION_ID, LOCATION_NAME, TITLE, CONTENT, PRICE, CATEGORY_ID, STATUS, REG_DATE, MOD_DATE, BOARD_DATE, IS_PRICE_SUGGEST, IS_PULL, LATITUDE, LONGITUDE) VALUES (1,2826010500,'인천 계양구 공촌동','제목 테스트 공촌동','내용 테스트 공촌동',30000,1,'거래완료',now(), now(), now(),1, 0, 37.552507, 126.684771);
INSERT INTO BOARD (USER_ID, LOCATION_ID, LOCATION_NAME, TITLE, CONTENT, PRICE, CATEGORY_ID, STATUS, REG_DATE, MOD_DATE, BOARD_DATE, IS_PRICE_SUGGEST, IS_PULL, LATITUDE, LONGITUDE) VALUES (1,2826010600,'인천 계양구 연희동','제목 테스트 연희동','내용 테스트 연희동',40000,5,'판매중',now(), now(), now(), 0, 1, 37.549144, 126.674639);
INSERT INTO BOARD (USER_ID, LOCATION_ID, LOCATION_NAME, TITLE, CONTENT, PRICE, CATEGORY_ID, STATUS, REG_DATE, MOD_DATE, BOARD_DATE, IS_PRICE_SUGGEST, IS_PULL, LATITUDE, LONGITUDE) VALUES (1,2826010700,'인천 계양구 심곡동','제목 테스트 심곡동','내용 테스트 심곡동',40000,4,'거래중',now(), now(), now(), 0, 1, 37.543639, 126.674983);
INSERT INTO BOARD (USER_ID, LOCATION_ID, LOCATION_NAME, TITLE, CONTENT, PRICE, CATEGORY_ID, STATUS, REG_DATE, MOD_DATE, BOARD_DATE, IS_PRICE_SUGGEST, IS_PULL, LATITUDE, LONGITUDE) VALUES (1,2826010800,'인천 계양구 가정동','제목 테스트 가정동','내용 테스트 가정동',40000,3,'판매중',now(), now(), now(), 0, 1, 37.519224, 126.674965);
INSERT INTO BOARD (USER_ID, LOCATION_ID, LOCATION_NAME, TITLE, CONTENT, PRICE, CATEGORY_ID, STATUS, REG_DATE, MOD_DATE, BOARD_DATE, IS_PRICE_SUGGEST, IS_PULL, LATITUDE, LONGITUDE) VALUES (1,2826010900,'인천 계양구 신현동','제목 테스트 신현동','내용 테스트 신현동',40000,2,'판매중',now(), now(), now(), 0, 1, 37.516771, 126.668176);
INSERT INTO BOARD (USER_ID, LOCATION_ID, LOCATION_NAME, TITLE, CONTENT, PRICE, CATEGORY_ID, STATUS, REG_DATE, MOD_DATE, BOARD_DATE, IS_PRICE_SUGGEST, IS_PULL, LATITUDE, LONGITUDE) VALUES (1,2826011000,'인천 계양구 석남동','제목 테스트 석남동','내용 테스트 석남동',40000,5,'거래중',now(), now(), now(), 0, 1, 37.50623, 126.670367);
INSERT INTO BOARD (USER_ID, LOCATION_ID, LOCATION_NAME, TITLE, CONTENT, PRICE, CATEGORY_ID, STATUS, REG_DATE, MOD_DATE, BOARD_DATE, IS_PRICE_SUGGEST, IS_PULL, LATITUDE, LONGITUDE) VALUES (1,2826011100,'인천 계양구 원창동','제목 테스트 원창동','내용 테스트 원창동',50000,4,'숨김',now(), now(), now(), 0, 0, 37.513576, 126.640031);
INSERT INTO BOARD (USER_ID, LOCATION_ID, LOCATION_NAME, TITLE, CONTENT, PRICE, CATEGORY_ID, STATUS, REG_DATE, MOD_DATE, BOARD_DATE, IS_PRICE_SUGGEST, IS_PULL, LATITUDE, LONGITUDE) VALUES (1,2826011200,'인천 계양구 가좌동', '제목 테스트 가좌동','내용 테스트 가좌동',10000,3,'판매중',now(), now(), now(),1, 0, 37.491541, 126.674268);
INSERT INTO BOARD (USER_ID, LOCATION_ID, LOCATION_NAME, TITLE, CONTENT, PRICE, CATEGORY_ID, STATUS, REG_DATE, MOD_DATE, BOARD_DATE, IS_PRICE_SUGGEST, IS_PULL, LATITUDE, LONGITUDE) VALUES (1,2826011300,'인천 계양구 마전동','제목 테스트 마전동','내용 테스트 마전동',20000,2,'예약중',now(), now(), now(),1, 0, 37.604268, 126.66433);
INSERT INTO BOARD (USER_ID, LOCATION_ID, LOCATION_NAME, TITLE, CONTENT, PRICE, CATEGORY_ID, STATUS, REG_DATE, MOD_DATE, BOARD_DATE, IS_PRICE_SUGGEST, IS_PULL, LATITUDE, LONGITUDE) VALUES (1,2826011400,'인천 계양구 당하동','제목 테스트 당하동','내용 테스트 당하동',30000,1,'거래완료',now(), now(), now(),1, 0, 37.589907, 126.6837);
INSERT INTO BOARD (USER_ID, LOCATION_ID, LOCATION_NAME, TITLE, CONTENT, PRICE, CATEGORY_ID, STATUS, REG_DATE, MOD_DATE, BOARD_DATE, IS_PRICE_SUGGEST, IS_PULL, LATITUDE, LONGITUDE) VALUES (1,2826011500,'인천 계양구 원당동','제목 테스트 원당동','내용 테스트 원당동',30000,1,'거래완료',now(), now(), now(),1, 0, 37.597332, 126.698413);
INSERT INTO BOARD (USER_ID, LOCATION_ID, LOCATION_NAME, TITLE, CONTENT, PRICE, CATEGORY_ID, STATUS, REG_DATE, MOD_DATE, BOARD_DATE, IS_PRICE_SUGGEST, IS_PULL, LATITUDE, LONGITUDE) VALUES (1,2826011700,'인천 계양구 대곡동','제목 테스트 대곡동','내용 테스트 대곡동',30000,1,'거래완료',now(), now(), now(),1, 0, 37.626194, 126.666424);
INSERT INTO BOARD (USER_ID, LOCATION_ID, LOCATION_NAME, TITLE, CONTENT, PRICE, CATEGORY_ID, STATUS, REG_DATE, MOD_DATE, BOARD_DATE, IS_PRICE_SUGGEST, IS_PULL, LATITUDE, LONGITUDE) VALUES (1,2826011800,'인천 계양구 금곡동','제목 테스트 금곡동','내용 테스트 금곡동',30000,1,'거래완료',now(), now(), now(),1, 0, 37.612434, 126.644142);
INSERT INTO BOARD (USER_ID, LOCATION_ID, LOCATION_NAME, TITLE, CONTENT, PRICE, CATEGORY_ID, STATUS, REG_DATE, MOD_DATE, BOARD_DATE, IS_PRICE_SUGGEST, IS_PULL, LATITUDE, LONGITUDE) VALUES (1,2826011900,'인천 계양구 오류동','제목 테스트 오류동','내용 테스트 오류동',30000,1,'거래완료',now(), now(), now(),1, 0, 37.591864, 126.623317);
INSERT INTO BOARD (USER_ID, LOCATION_ID, LOCATION_NAME, TITLE, CONTENT, PRICE, CATEGORY_ID, STATUS, REG_DATE, MOD_DATE, BOARD_DATE, IS_PRICE_SUGGEST, IS_PULL, LATITUDE, LONGITUDE) VALUES (1,2826012000,'인천 계양구 왕길동','제목 테스트 왕길동','내용 테스트 왕길동',30000,1,'거래완료',now(), now(), now(),1, 0, 37.592387, 126.651228);
INSERT INTO BOARD (USER_ID, LOCATION_ID, LOCATION_NAME, TITLE, CONTENT, PRICE, CATEGORY_ID, STATUS, REG_DATE, MOD_DATE, BOARD_DATE, IS_PRICE_SUGGEST, IS_PULL, LATITUDE, LONGITUDE) VALUES (1,2826012100,'인천 계양구 불로동','제목 테스트 불로동','내용 테스트 불로동',30000,1,'거래완료',now(), now(), now(),1, 0, 37.613374, 126.685876);
INSERT INTO BOARD (USER_ID, LOCATION_ID, LOCATION_NAME, TITLE, CONTENT, PRICE, CATEGORY_ID, STATUS, REG_DATE, MOD_DATE, BOARD_DATE, IS_PRICE_SUGGEST, IS_PULL, LATITUDE, LONGITUDE) VALUES (1,2826012200,'인천 계양구 청라동','제목 테스트 청라동','내용 테스트 청라동',30000,1,'거래완료',now(), now(), now(),1, 0, 37.53312, 126.640323);


INSERT INTO LOCATION VALUES (1111010100,'서울 종로구 청운동' ,'서울', '종로구', '청운동', 37.587111, 126.969069);
INSERT INTO LOCATION VALUES (1111010200,'서울 종로구 신교동', '서울', '종로구', '신교동', 37.583911, 126.968354);
INSERT INTO LOCATION VALUES (1111010300,'서울 종로구 궁정동', '서울', '종로구', '궁정동', 37.584381, 126.971489);
INSERT INTO LOCATION VALUES (1111010400,'서울 종로구 효자동', '서울', '종로구', '효자동', 37.582416, 126.97167);
INSERT INTO LOCATION VALUES (1111010500,'서울 종로구 창성동', '서울', '종로구', '창성동', 37.580363, 126.972065);
INSERT INTO LOCATION VALUES (1111010600, '서울 종로구 통의동','서울', '종로구', '통의동', 37.578307, 126.972872);
INSERT INTO LOCATION VALUES (1111010700, '서울 종로구 적선동','서울', '종로구', '적선동', 37.576122, 126.973453);
INSERT INTO LOCATION VALUES (1111010800, '서울 종로구 통인동','서울', '종로구', '통인동', 37.580141, 126.970127);
INSERT INTO LOCATION VALUES (1111010900, '서울 종로구 누상동','서울', '종로구', '누상동', 37.580478, 126.965838);
INSERT INTO LOCATION VALUES (1111011000, '서울 종로구 누하동','서울', '종로구', '누하동', 37.579423, 126.968521);
INSERT INTO LOCATION VALUES (1111011100, '서울 종로구 옥인동','서울', '종로구', '옥인동', 37.582175, 126.967275);
INSERT INTO LOCATION VALUES (1111011200, '서울 종로구 체부동','서울', '종로구', '체부동', 37.577645, 126.970877);
INSERT INTO LOCATION VALUES (1111011300, '서울 종로구 필운동','서울', '종로구', '필운동', 37.577076, 126.968848);
INSERT INTO LOCATION VALUES (1111011400, '서울 종로구 내자동','서울', '종로구', '내자동', 37.575641, 126.971177);
INSERT INTO LOCATION VALUES (1111011500, '서울 종로구 사직동','서울', '종로구', '사직동', 37.573711, 126.966295);
INSERT INTO LOCATION VALUES (1111011600, '서울 종로구 도렴동','서울', '종로구', '도렴동', 37.572445, 126.975158);
INSERT INTO LOCATION VALUES (1111011700, '서울 종로구 당주동','서울', '종로구', '당주동', 37.571429, 126.97457);
INSERT INTO LOCATION VALUES (1111011800, '서울 종로구 내수동','서울', '종로구', '내수동', 37.573113, 126.971819);
INSERT INTO LOCATION VALUES (1111011900, '서울 종로구 세종로','서울', '종로구', '세종로', 37.572655, 126.976742);
INSERT INTO LOCATION VALUES (1111012000, '서울 종로구 신문로1가','서울', '종로구', '신문로1가', 37.570366, 126.973968);
INSERT INTO LOCATION VALUES (1111012100, '서울 종로구 신문로2가','서울', '종로구', '신문로2가', 37.571299, 126.968815);
INSERT INTO LOCATION VALUES (1111012200, '서울 종로구 청진동','서울', '종로구', '청진동', 37.571886, 126.980676);
INSERT INTO LOCATION VALUES (1111012300, '서울 종로구 서린동','서울', '종로구', '서린동', 37.569668, 126.979809);
INSERT INTO LOCATION VALUES (1111012400, '서울 종로구 수송동','서울', '종로구', '수송동', 37.573994, 126.981139);
INSERT INTO LOCATION VALUES (1111012500, '서울 종로구 중학동','서울', '종로구', '중학동', 37.575301, 126.979265);
INSERT INTO LOCATION VALUES (1111012600, '서울 종로구 종로1가','서울', '종로구', '종로1가',37.570479, 126.980434);
INSERT INTO LOCATION VALUES (1111012700, '서울 종로구 공평동','서울', '종로구', '공평동', 37.571692, 126.982996);

INSERT INTO LOCATION VALUES (2824510100, '인천 계양구 효성동','인천', '계양구', '효성동', 37.529442, 126.707198);
INSERT INTO LOCATION VALUES (2824510200, '인천 계양구 계산동','인천', '계양구', '계산동', 37.5416, 126.724428);
INSERT INTO LOCATION VALUES (2824510300, '인천 계양구 작전동','인천', '계양구', '작전동', 37.530552, 126.726859);
INSERT INTO LOCATION VALUES (2824510400, '인천 계양구 서운동','인천', '계양구', '서운동', 37.529584, 126.750621);
INSERT INTO LOCATION VALUES (2824510500, '인천 계양구 임학동','인천', '계양구', '임학동', 37.546151, 126.735184);
INSERT INTO LOCATION VALUES (2824510600, '인천 계양구 용종동','인천', '계양구', '용종동', 37.542069, 126.742934);
INSERT INTO LOCATION VALUES (2824510700, '인천 계양구 병방동','인천', '계양구', '병방동', 37.548023, 126.742418);
INSERT INTO LOCATION VALUES (2824510800, '인천 계양구 방축동','인천', '계양구', '방축동', 37.551777, 126.738456);
INSERT INTO LOCATION VALUES (2824510900, '인천 계양구 박촌동','인천', '계양구', '박촌동', 37.554852, 126.745981);
INSERT INTO LOCATION VALUES (2824511000, '인천 계양구 동양동','인천', '계양구', '동양동', 37.560871, 126.75721);
INSERT INTO LOCATION VALUES (2824511100, '인천 계양구 귤현동','인천', '계양구', '귤현동',37.56814,126.746683);
INSERT INTO LOCATION VALUES (2824511200, '인천 계양구 상야동','인천', '계양구', '상야동', 37.578112, 126.777319);
INSERT INTO LOCATION VALUES (2824511300, '인천 계양구 하야동', '인천', '계양구', '하야동', 37.582177, 126.780714);
INSERT INTO LOCATION VALUES (2824511400, '인천 계양구 평동','인천', '계양구', '평동', 37.581459, 126.776155);
INSERT INTO LOCATION VALUES (2824511600, '인천 계양구 선주지동','인천', '계양구', '선주지동', 37.579826, 126.746139);
INSERT INTO LOCATION VALUES (2824511700, '인천 계양구 이화동','인천', '계양구', '이화동', 37.588642, 126.738995);
INSERT INTO LOCATION VALUES (2824511800, '인천 계양구 오류동','인천', '계양구', '오류동', 37.585629, 126.727276);
INSERT INTO LOCATION VALUES (2824511900, '인천 계양구 갈현동','인천', '계양구', '갈현동', 37.579898, 126.722261);
INSERT INTO LOCATION VALUES (2824512000, '인천 계양구 둑실동','인천', '계양구', '둑실동', 37.576924, 126.703881);
INSERT INTO LOCATION VALUES (2824512100, '인천 계양구 목상동','인천', '계양구', '목상동', 37.568562, 126.708682);
INSERT INTO LOCATION VALUES (2824512200, '인천 계양구 다남동','인천', '계양구', '다남동', 37.568002, 126.725781);
INSERT INTO LOCATION VALUES (2824512300, '인천 계양구 장기동','인천', '계양구', '장기동', 37.57807, 126.73533);
INSERT INTO LOCATION VALUES (2826010100, '인천 계양구 백석동','인천', '서구', '백석동', 37.579792, 126.667795);
INSERT INTO LOCATION VALUES (2826010200, '인천 계양구 시천동','인천', '서구', '시천동', 37.570792, 126.685728);
INSERT INTO LOCATION VALUES (2826010300, '인천 계양구 검암동','인천', '서구', '검암동', 37.562594, 126.676249);
INSERT INTO LOCATION VALUES (2826010400, '인천 계양구 경서동','인천', '서구', '경서동', 37.554289, 126.649893);
INSERT INTO LOCATION VALUES (2826010500, '인천 계양구 공촌동','인천', '서구', '공촌동', 37.552507, 126.684771);
INSERT INTO LOCATION VALUES (2826010600, '인천 계양구 연희동','인천', '서구', '연희동', 37.549144, 126.674639);
INSERT INTO LOCATION VALUES (2826010700, '인천 계양구 심곡동','인천', '서구', '심곡동', 37.543639, 126.674983);
INSERT INTO LOCATION VALUES (2826010800, '인천 계양구 가정동','인천', '서구', '가정동', 37.519224, 126.674965);
INSERT INTO LOCATION VALUES (2826010900, '인천 계양구 신현동','인천', '서구', '신현동', 37.516771, 126.668176);
INSERT INTO LOCATION VALUES (2826011000, '인천 계양구 석남동','인천', '서구', '석남동', 37.50623, 126.670367);
INSERT INTO LOCATION VALUES (2826011100, '인천 계양구 원창동','인천', '서구', '원창동', 37.513576, 126.640031);
INSERT INTO LOCATION VALUES (2826011200, '인천 계양구 가좌동','인천', '서구', '가좌동', 37.491541, 126.674268);
INSERT INTO LOCATION VALUES (2826011300, '인천 계양구 마전동','인천', '서구', '마전동', 37.604268, 126.66433);
INSERT INTO LOCATION VALUES (2826011400, '인천 계양구 당하동','인천', '서구', '당하동', 37.589907, 126.6837);
INSERT INTO LOCATION VALUES (2826011500, '인천 계양구 원당동','인천', '서구', '원당동', 37.597332, 126.698413);
INSERT INTO LOCATION VALUES (2826011700, '인천 계양구 대곡동','인천', '서구', '대곡동', 37.626194, 126.666424);
INSERT INTO LOCATION VALUES (2826011800, '인천 계양구 금곡동','인천', '서구', '금곡동', 37.612434, 126.644142);
INSERT INTO LOCATION VALUES (2826011900, '인천 계양구 오류동','인천', '서구', '오류동', 37.591864, 126.623317);
INSERT INTO LOCATION VALUES (2826012000, '인천 계양구 왕길동','인천', '서구', '왕길동', 37.592387, 126.651228);
INSERT INTO LOCATION VALUES (2826012100, '인천 계양구 불로동','인천', '서구', '불로동', 37.613374, 126.685876);
INSERT INTO LOCATION VALUES (2826012200, '인천 계양구 청라동','인천', '서구', '청라동', 37.53312, 126.640323);


INSERT INTO USER VALUES (1,'USER1','서울 종로구 청운동',1111010100,'1234','NICKNAME1','01012341234','email@gmail.com',NOW(), NOW(), NOW(), 'USER', 'ACTIVE', 0,'C:\TEST\TEST.PNG',37.587111,126.969069,0);
INSERT INTO USER VALUES (2,'USER2','서울 종로구 신교동',1111010200,'1234','NICKNAME2','01012341234','email@gmail.com',NOW(), NOW(), NOW(), 'USER', 'ACTIVE', 0,'C:\TEST\TEST.PNG',37.583911, 126.968354,0);
